device,sample_count,avg_total_iops,avg_throughput_mb_s,avg_latency_ms,p95_latency_ms,p99_latency_ms,avg_util_pct,avg_queue_depth,dominant_workload_pattern,anomaly_count,critical_anomaly_count,high_anomaly_count
dm-0,2016,374.5974869330382,27.29613707842333,1.3106848498286205,1.6635716907858293,11.560474548742885,25.252631943090382,1.1351420515782364,balanced,466,91,24
nvme0n1,2016,226.95431025362174,18.249182015831526,0.6127476272707963,0.4716152504206474,9.329425122277545,12.965520906717103,0.28123858129944884,balanced,209,101,16
nvme1n1,2016,1458.5989717750115,44.61155467209941,0.7321275990182426,0.91699415178891,4.886896811305098,53.56451073152879,0.8759587482203348,burst_io,321,59,10
sda,2016,188.06358900420105,13.366669699053755,1.5700756311718593,2.4596412814316326,8.388147409598236,22.725895343420888,0.571819192017944,balanced,298,74,3
sdb,2016,314.11765965210736,8.934120452488019,335.8913816701598,1059.9104406616948,4647.788397884751,73.61769875295384,1.7232503326361184,saturated,1437,350,216
