device,sample_count,avg_total_iops,avg_throughput_mb_s,avg_latency_ms,p95_latency_ms,p99_latency_ms,avg_util_pct,avg_queue_depth,dominant_workload_pattern,anomaly_count,critical_anomaly_count,high_anomaly_count
dm-0,2016,372.4263421260318,27.205338526131342,1.0954345835112764,1.610469122659992,2.1609096950046043,24.95026809935523,1.0471433326084512,balanced,500,28,34
nvme0n1,2016,723.197541040235,18.22230308735458,1.4349348179144175,2.3922556420690775,2.9736758170712903,39.62683293601583,0.19905609491052467,balanced,561,17,24
nvme1n1,2016,725.7505266075763,45.843755935591965,0.3169592389530366,0.3495309437875529,1.4961248274913246,27.603849630781166,0.8414151706294609,balanced,500,54,47
sda,2016,454.401044165226,13.265998047839343,4.380380059506749,7.691979685837225,39.14630787722084,50.8359629560627,0.535615377585694,balanced,589,51,46
sdb,2016,265.98010042498237,8.822454733327906,255.61360058357138,773.5697738172864,3934.6534116758944,71.2684668620373,1.7451897642843444,latency_sensitive,740,19,28
